face_name_align,race,race4,gender,age,race_scores_fair,race_scores_fair_4,gender_scores_fair,age_scores_fair
detected_faces\image_0_face0.png,White,White,Female,20-29,"[7.9866099e-01 3.1459054e-05 8.0169149e-02 5.3257443e-04 4.7739275e-04
 3.6694115e-04 1.1976148e-01]",[0.62616324 0.00283838 0.3689621  0.00203621],[3.954906e-04 9.996045e-01],"[1.7583616e-08 8.0316349e-05 9.7205669e-02 8.4305650e-01 5.8767486e-02
 8.8602549e-04 3.8824255e-06 7.0929858e-08 2.1714885e-09]"
