profile,prediction_score,decision
0243a958-1806-4213-878d-b37e1e77b02a,-0.45900677517056465,0
da926ef6-8b46-4775-a106-fbd1289187f0,-0.9979651868343353,0
7b9aa8fe-5982-4909-8763-8472b0bd135a,0.026103754838307697,1
019a3721-385f-4c79-b2e2-23f783385540,-0.5898326635360718,0
8476fcb0-0cb1-4175-aafa-c23bb29eba3f,-0.7133768320083618,0
e174cb7d-c825-4ef8-b5a3-cb83b4c312c6,-0.6805867297308785,0
cc34d4d2-1f08-4ad0-b905-c7c2ada8d8d6,-0.7353827034322811,0
48d5463f-b479-40a1-8898-30dbaf8c52f1,-0.17390942573547363,1
